{
  "final_avg_accuracy": 0.7501304149627686,
  "final_avg_auc": 0.8021478255589803,
  "final_avg_loss": 0.5811120867729187
}