{
  "timestamp": "2025-11-22T18:30:54.963580",
  "mlflow_fallback": true,
  "metrics": {
    "final_avg_loss": 0.5811120867729187,
    "final_avg_accuracy": 0.7501304149627686,
    "final_avg_auc": 0.8021478255589803,
    "client_1_final_loss": 0.5825276374816895,
    "client_1_final_accuracy": 0.7456740736961365,
    "client_1_final_auc": 0.8029778003692627,
    "client_2_final_loss": 0.584717333316803,
    "client_2_final_accuracy": 0.7482216358184814,
    "client_2_final_auc": 0.7959708571434021,
    "client_3_final_loss": 0.5760912895202637,
    "client_3_final_accuracy": 0.7564955353736877,
    "client_3_final_auc": 0.8074948191642761
  }
}